{
  "mean": {
    "age": 47.06206961165503,
    "spacing_x": 0.15505085196983182,
    "spacing_y": 0.15505085196983182
  },
  "std": {
    "age": 16.74645270904264,
    "spacing_x": 0.015976951140748825,
    "spacing_y": 0.015976951140748825
  }
}